{
  "version": 2,
  "name": "attributeai",
  "builds": [
    {
      "src": "package.json",
      "use": "@vercel/static-build",
      "config": {
        "distDir": "build"
      }
    }
  ],
  "routes": [
    {
      "src": "/static/(.*)",
      "headers": {
        "cache-control": "s-maxage=31536000,immutable"
      }
    },
    {
      "src": "/(.*)",
      "dest": "/index.html"
    }
  ],
  "env": {
    "REACT_APP_ANTHROPIC_API_KEY": "@react-app-anthropic-api-key",
    "REACT_APP_OPENAI_API_KEY": "@react-app-openai-api-key",
    "REACT_APP_GOOGLE_AI_API_KEY": "@react-app-google-ai-api-key"
  }
}